Candidate,First Name,Last Name,Gender,Age,Donation
Valerie,Aaron,Kobayashi,male,32,175
Anders,Aaron,Chaparro,male,76,350
Valerie,Aaron,McIver,male,82,200
Valerie,Aaron,Kobayashi,male,32,75
Valerie,Aaron,Kobayashi,male,32,25
Valerie,Aaron,Kobayashi,male,32,75
Valerie,Ada,Goldsmith,female,45,275
Valerie,Ada,Goldsmith,female,45,25
Valerie,Ada,Goldsmith,female,45,75
Valerie,Ada,Goldsmith,female,45,450
Anders,Adolfo,Nieves,male,31,450
Anders,Adolfo,Nieves,male,31,400
Anders,Adolfo,Nieves,male,31,75
Anders,Adolfo,Nieves,male,31,75
Anders,Adrienne,Richerson,female,68,275
Anders,Aimee,Peters,unknown,38,275
Anders,Aimee,Peters,female,38,150
Anders,Aimee,Peters,female,38,25
Anders,Aimee,Peters,female,38,500
Anders,Aisha,Petersen,female,64,250
Valerie,Al,Ramirez,male,39,175
Valerie,Al,Ramirez,male,39,500
Valerie,Al,Ramirez,male,39,275
Valerie,Al,Ramirez,male,39,50
Anders,Alan,Shelby,male,37,325
Anders,Alan,Stone,male,46,25
Anders,Alan,Shelby,male,37,325
Anders,Alan,Stone,male,46,75
Anders,Alan,Shelby,male,37,400
Anders,Alan,Stone,male,46,100
Anders,Alan,Shelby,male,37,500
Anders,Alan,Stone,male,46,500
Valerie,Albert,Stennett,male,43,200
Valerie,Albert,Stennett,male,43,500
Valerie,Albert,Stennett,male,43,75
Valerie,Albert,Stennett,male,43,250
Anders,Alejandro,Hambleton,male,27,450
Anders,Alejandro,Hambleton,male,27,225
Anders,Alejandro,Hambleton,male,27,300
Anders,Alejandro,Hambleton,male,27,175
Anders,Alethia,Crandall,female,59,200
Anders,Alex,Hooser,male,60,75
Anders,Alexandra,Cavanagh,female,68,425
Valerie,Alfonso,Thompson,male,67,375
Anders,Alfred,Harmon,male,36,300
Anders,Alfred,Harmon,male,36,475
Anders,Alfred,Harmon,male,36,250
Anders,Alfred,Harmon,male,36,325
Anders,Ali,Conwell,male,49,75
Valerie,Alice,Diamond,female,38,125
Valerie,Alice,Boyer,female,45,400
Valerie,Alice,Potvin,female,69,275
Valerie,Alice,Diamond,female,38,75
Valerie,Alice,Boyer,female,45,300
Valerie,Alice,Diamond,female,38,150
Valerie,Alice,Boyer,female,45,250
Valerie,Alice,Diamond,female,38,325
Valerie,Alice,Boyer,female,45,325
Valerie,Allen,Evans,male,35,25
Valerie,Allen,Evans,male,35,175
Valerie,Allen,Evans,male,35,150
Valerie,Allen,Evans,male,35,350
Anders,Allena,Chambers,female,30,350
Anders,Allena,Chambers,female,30,325
Anders,Allena,Chambers,female,30,100
Anders,Allena,Chambers,female,30,100
Valerie,Alonzo,Carter,male,85,25
Anders,Amanda,Steinbach,n/a,48,100
Anders,Amanda,Ingram,female,68,100
Valerie,Amber,Johnson,female,60,50
Anders,Amber,Acker,female,75,350
Anders,Amparo,Rikard,female,79,500
Valerie,Ana,McMasters,female,81,100
Valerie,Anastasia,Swallow,female,48,400
Anders,Andrea,Martin,female,21,75
Valerie,Andrew,Villanueva,male,21,250
Anders,Angel,Douglas,male,67,150
Anders,Angela,Kisner,female,25,375
Valerie,Angela,Hunt,female,51,500
Anders,Angela,Williams,female,67,450
Valerie,Angela,Omara,female,83,450
Anders,Angela,Kisner,female,25,325
Anders,Angela,Kisner,female,25,425
Anders,Angela,Kisner,female,25,350
Anders,Anita,Edick,female,49,100
Valerie,Ann,Dow,female,53,150
Anders,Anna,Krauss,female,50,375
Valerie,Anna,Smith,female,64,150
Anders,Anna,Dancer,female,72,25
Anders,Annie,Rodriguez,female,20,275
Anders,Annie,Cousins,female,65,350
Anders,Anthony,Ramirez,male,77,150
Anders,Anthony,Roberts,male,79,150
Anders,Anthony,Ralph,male,82,150
Valerie,Ardis,Beede,female,31,500
Valerie,Ardis,Beede,female,31,250
Valerie,Ardis,Beede,female,31,75
Valerie,Ardis,Beede,female,31,200
Valerie,Arnold,Cain,male,48,325
Valerie,Arnold,Gates,male,63,375
Valerie,Arthur,Wallace,male,55,225
Anders,Ashley,Freeborn,female,31,150
Valerie,Ashley,Jackson,female,75,475
Valerie,Ashley,Mijares,female,82,350
Anders,Ashley,Freeborn,female,31,500
Anders,Ashley,Freeborn,female,31,500
Anders,Ashley,Freeborn,female,31,150
Anders,Audrea,Broom,female,20,100
Anders,Audrey,Denman,female,32,400
Anders,Audrey,Denman,female,32,400
Anders,Audrey,Denman,female,32,425
Anders,Audrey,Denman,female,32,350
Valerie,Audry,Lindsey,female,71,300
Anders,Avis,Watts,female,29,500
Anders,Avis,Watts,female,29,75
Anders,Avis,Watts,female,29,425
Anders,Avis,Watts,female,29,250
Anders,Azalee,Coaxum,female,19,350
Anders,Barbara,Smith,female,28,175
Anders,Barbara,Emmanuel,female,38,375
Anders,Barbara,Padilla,female,42,125
Valerie,Barbara,Thornton,female,45,200
Valerie,Barbara,Hollinger,female,52,325
Valerie,Barbara,Conway,female,80,175
Anders,Barbara,Smith,female,28,350
Anders,Barbara,Emmanuel,female,38,450
Anders,Barbara,Padilla,female,42,475
Valerie,Barbara,Thornton,female,45,250
Anders,Barbara,Smith,female,28,175
Anders,Barbara,Emmanuel,female,38,450
Anders,Barbara,Padilla,female,42,300
Valerie,Barbara,Thornton,female,45,100
Anders,Barbara,Smith,female,28,200
Anders,Barbara,Emmanuel,female,38,400
Anders,Barbara,Padilla,female,42,300
Valerie,Barbara,Thornton,female,45,175
Valerie,Barry,Fisher,male,39,175
Anders,Barry,Worden,male,46,300
Anders,Barry,Gines,male,47,300
Valerie,Barry,Fisher,male,39,450
Anders,Barry,Worden,male,46,175
Valerie,Barry,Fisher,male,39,425
Anders,Barry,Worden,male,46,375
Valerie,Barry,Fisher,male,39,350
Anders,Barry,Worden,male,46,350
Valerie,Benjamin,Johnson,male,46,200
Anders,Benjamin,McArdle,male,65,225
Valerie,Benjamin,Johnson,male,46,450
Valerie,Benjamin,Johnson,male,46,225
Valerie,Benjamin,Johnson,male,46,250
Anders,Bernadette,Norris,female,44,375
Anders,Bernadette,Norris,female,44,75
Anders,Bernadette,Norris,female,44,425
Anders,Bernadette,Norris,female,44,125
Valerie,Bernard,Johnson,male,35,250
Valerie,Bernard,Johnson,male,35,150
Valerie,Bernard,Johnson,male,35,250
Valerie,Bernard,Johnson,male,35,500
Anders,Bernice,Elrod,female,29,350
Anders,Bernice,Elrod,female,29,100
Anders,Bernice,Elrod,female,29,200
Anders,Bernice,Elrod,female,29,100
Anders,Betty,Moss,female,31,325
Anders,Betty,Cardello,female,43,400
Anders,Betty,Powers,female,67,475
Anders,Betty,Moss,female,31,325
Anders,Betty,Cardello,female,43,225
Anders,Betty,Moss,female,31,125
Anders,Betty,Cardello,female,43,150
Anders,Betty,Moss,female,31,450
Anders,Betty,Cardello,female,43,175
Valerie,Beulah,McCartney,female,23,275
Anders,Beverly,Hyatt,female,37,400
Anders,Beverly,Bucklin,female,71,25
Anders,Beverly,Hyatt,female,37,50
Anders,Beverly,Hyatt,female,37,175
Anders,Beverly,Hyatt,female,37,175
Anders,Bill,Turner,male,61,300
Anders,Billy,Walters,male,31,100
Valerie,Billy,Kirkwood,male,67,300
Anders,Billy,Shields,male,68,275
Anders,Billy,Walters,male,31,350
Anders,Billy,Walters,male,31,25
Anders,Billy,Walters,male,31,150
Valerie,Bobby,Knott,male,81,425
Anders,Bradley,Cook,male,51,250
Anders,Brain,Jones,male,41,25
Anders,Brain,Jones,male,41,375
Anders,Brain,Jones,male,41,175
Anders,Brain,Jones,male,41,325
Valerie,Brandon,Johnson,male,54,100
Anders,Brandon,Covington,male,70,275
Anders,Brenda,Bechtel,female,63,150
Anders,Brenda,Henderson,female,76,500
Anders,Brendan,Evans,male,74,375
Anders,Bret,Wroten,male,38,25
Anders,Bret,Wroten,male,38,325
Anders,Bret,Wroten,male,38,150
Anders,Bret,Wroten,male,38,450
Anders,Brett,Workman,male,80,50
Valerie,Brian,Kerr,male,22,425
Anders,Brian,Fedler,male,39,125
Valerie,Brian,Benitez,male,41,400
Valerie,Brian,Scaggs,male,65,400
Valerie,Brian,Santana,male,70,200
Anders,Brian,Mercado,male,80,275
Anders,Brian,Fedler,male,39,25
Valerie,Brian,Benitez,male,41,25
Anders,Brian,Fedler,n/p,39,500
Valerie,Brian,Benitez,male,41,75
Anders,Brian,Fedler,male,39,25
Valerie,Brian,Benitez,male,41,300
Valerie,Briana,Rizo,female,64,500
Valerie,Calvin,Ingram,male,78,225
Anders,Candace,Robertson,female,35,250
Valerie,Candace,Fludd,female,70,300
Anders,Candace,Robertson,female,35,300
Anders,Candace,Robertson,female,35,500
Anders,Candace,Robertson,female,35,450
Anders,Candice,Battle,female,67,250
Anders,Carla,Molden,female,43,450
Anders,Carla,Molden,female,43,275
Anders,Carla,Molden,female,43,400
Anders,Carla,Molden,female,43,400
Anders,Carmen,Baker,female,33,225
Anders,Carmen,Eubanks,male,85,425
Anders,Carmen,Baker,female,33,175
Anders,Carmen,Baker,female,33,125
Anders,Carmen,Baker,female,33,250
Anders,Carol,Gebhardt,female,45,500
Anders,Carol,Hust,female,82,325
Anders,Carol,Gebhardt,female,45,325
Anders,Carol,Gebhardt,female,45,25
Anders,Carol,Gebhardt,female,45,175
Anders,Carolina,Cross,female,80,250
Valerie,Carrie,Rivera,female,19,475
Valerie,Carrie,Cable,female,63,450
Anders,Casey,Burton,female,24,225
Anders,Casey,Burton,female,24,325
Anders,Casey,Burton,female,24,100
Anders,Casey,Burton,female,24,325
Valerie,Catherine,Eley,female,30,225
Valerie,Catherine,Nicholas,female,59,125
Valerie,Catherine,Eley,female,30,200
Valerie,Catherine,Eley,female,30,200
Valerie,Catherine,Eley,female,30,100
Valerie,Cathy,Spencer,female,22,450
Anders,Cesar,Roque,male,34,250
Anders,Cesar,Roque,male,34,25
Anders,Cesar,Roque,male,34,275
Anders,Cesar,Roque,male,34,50
Anders,Charles,Decker,male,26,25
Anders,Charles,Moore,male,29,350
Valerie,Charles,Lackey,male,32,450
Anders,Charles,Decker,male,26,500
Anders,Charles,Moore,male,29,225
Valerie,Charles,Lackey,male,32,225
Anders,Charles,Decker,male,26,350
Anders,Charles,Moore,male,29,25
Valerie,Charles,Lackey,male,32,225
Anders,Charles,Decker,male,26,350
Anders,Charles,Moore,male,29,150
Valerie,Charles,Lackey,male,32,25
Valerie,Charlie,Choice,male,34,125
Valerie,Charlie,Choice,male,34,325
Valerie,Charlie,Choice,male,34,25
Valerie,Charlie,Choice,male,34,75
Valerie,Charlotte,Anderson,female,64,75
Valerie,Cheryl,Walling,female,40,25
Valerie,Cheryl,Walling,female,40,400
Valerie,Cheryl,Walling,female,40,225
Valerie,Cheryl,Walling,female,40,300
Anders,Chris,Bolt,male,49,200
Valerie,Chris,Beagle,male,61,325
Anders,Christina,Rucker,female,74,350
Anders,Christopher,Corbett,male,59,500
Valerie,Cindy,Fields,female,47,425
Valerie,Clair,Fulghum,male,40,175
Valerie,Clair,Fulghum,male,40,225
Valerie,Clair,Fulghum,male,40,25
Valerie,Clair,Fulghum,male,40,125
Valerie,Claudia,Neff,female,22,425
Anders,Clay,Koehler,male,49,275
Anders,Connie,Hawkins,female,30,25
Anders,Connie,Hawkins,female,30,300
Anders,Connie,Hawkins,female,30,325
Anders,Connie,Hawkins,female,30,475
Anders,Constance,Delvalle,female,75,25
Anders,Courtney,Spence,female,40,500
Valerie,Courtney,Crimmins,female,54,450
Anders,Courtney,Fries,male,78,100
Anders,Courtney,Spence,female,40,400
Anders,Courtney,Spence,female,40,350
Anders,Courtney,Spence,female,40,250
Anders,Curtis,Luke,male,21,25
Anders,Curtis,Hollander,male,58,175
Valerie,Cynthia,Bianchi,female,67,100
Anders,Cynthia,Akins,female,78,500
Anders,Dale,Starr,male,20,275
Anders,Dale,Scanlon,male,25,75
Anders,Dale,Scanlon,male,25,175
Anders,Dale,Scanlon,male,25,175
Anders,Dale,Scanlon,male,25,100
Valerie,Dallas,Corpuz,male,46,200
Valerie,Dallas,Corpuz,male,46,500
Valerie,Dallas,Corpuz,male,46,375
Valerie,Dallas,Corpuz,male,46,400
Anders,Daniel,Garrett,male,35,300
Valerie,Daniel,Fernando,male,57,100
Anders,Daniel,Barnard,male,67,175
Valerie,Daniel,Burges,male,76,400
Anders,Daniel,Garrett,male,35,350
Anders,Daniel,Garrett,male,35,150
Anders,Daniel,Garrett,male,35,125
Valerie,Danielle,White,female,82,75
Anders,Darla,Dillon,female,70,500
Valerie,Darrell,Jones,male,78,150
Valerie,Darren,Hernandez,male,38,200
Valerie,Darren,Hernandez,male,38,25
Valerie,Darren,Hernandez,male,38,300
Valerie,Darren,Hernandez,male,38,500
Valerie,Darrick,Williams,male,66,150
Anders,Darwin,Duke,male,68,475
Anders,Daryl,Degen,male,63,175
Valerie,David,Rosser,male,26,425
Anders,David,Ware,male,27,100
Anders,David,Orozco,male,34,325
Anders,David,Miller,male,37,25
Anders,David,Rauch,male,47,475
Valerie,David,McGuire,male,52,500
Anders,David,Webb,male,54,300
Valerie,David,Bounds,male,57,425
Anders,David,Shockley,male,73,75
Anders,David,Hara,male,73,325
Anders,David,Vogel,male,75,250
Valerie,David,Gonzales,male,78,350
Anders,David,Sanchez,male,80,150
Anders,David,Williams,male,84,250
Valerie,David,Rosser,male,26,400
Anders,David,Ware,male,27,25
Anders,David,Orozco,male,34,75
Anders,David,Miller,male,37,75
Valerie,David,Rosser,male,26,100
Anders,David,Ware,male,27,325
Anders,David,Orozco,male,34,175
Anders,David,Miller,male,37,400
Valerie,David,Rosser,male,26,500
Anders,David,Ware,male,27,150
Anders,David,Orozco,male,34,400
Anders,David,Miller,male,37,25
Anders,Dawn,Walton,female,65,475
Anders,Dean,Seay,male,59,200
Anders,Deana,Lisk,female,47,125
Anders,Deana,Lisk,female,47,125
Anders,Deana,Lisk,female,47,225
Anders,Deana,Lisk,female,47,475
Valerie,Debora,Vanderford,female,53,225
Anders,Deborah,Davis,female,72,350
Valerie,Deborah,Johnson,female,76,75
Anders,Deborah,Bixby,female,80,200
Valerie,Deborah,Lane,female,84,200
Anders,Delia,Folger,female,57,250
Valerie,Delores,Butler,female,31,300
Valerie,Delores,Butler,female,31,425
Valerie,Delores,Butler,female,31,200
Valerie,Delores,Butler,female,31,375
Anders,Demetria,Countryman,female,40,175
Anders,Demetria,Countryman,female,40,475
Anders,Demetria,Countryman,female,40,50
Anders,Demetria,Countryman,female,40,325
Anders,Dennis,Winkler,male,20,200
Anders,Dennis,Kruse,male,42,300
Valerie,Dennis,Farrell,male,54,325
Valerie,Dennis,Welsh,male,65,250
Anders,Dennis,Kruse,male,42,200
Anders,Dennis,Kruse,male,42,350
Anders,Dennis,Kruse,male,42,200
Anders,Desmond,Lopez,male,27,250
Anders,Desmond,Lopez,male,27,350
Anders,Desmond,Lopez,male,27,400
Anders,Desmond,Lopez,male,27,275
Anders,Diana,Graves,female,40,350
Valerie,Diana,Ramirez,female,80,325
Anders,Diana,Graves,female,40,375
Anders,Diana,Graves,female,40,275
Anders,Diana,Graves,female,40,25
Anders,Diane,Gray,female,22,100
Anders,Diane,Pike,female,31,225
Anders,Diane,Slattery,female,42,75
Anders,Diane,Pike,female,31,300
Anders,Diane,Slattery,female,42,325
Anders,Diane,Pike,female,31,450
Anders,Diane,Slattery,female,42,300
Anders,Diane,Pike,female,31,375
Anders,Diane,Slattery,female,42,325
Valerie,Donald,Ratcliffe,male,35,300
Valerie,Donald,Gayman,male,37,175
Anders,Donald,Anderson,male,57,25
Valerie,Donald,Palmer,male,70,300
Valerie,Donald,Ratcliffe,male,35,500
Valerie,Donald,Gayman,male,37,225
Valerie,Donald,Ratcliffe,male,35,350
Valerie,Donald,Gayman,male,37,350
Valerie,Donald,Ratcliffe,male,35,350
Valerie,Donald,Gayman,male,37,100
Anders,Dong,Newby,male,26,100
Anders,Dong,Newby,male,26,100
Anders,Dong,Newby,male,26,350
Anders,Dong,Newby,male,26,275
Valerie,Donna,Valenzuela,female,22,325
Anders,Donna,Niebuhr,female,55,350
Anders,Dora,Newsome,female,54,500
Anders,Doris,Bacon,female,35,325
Anders,Doris,McKinney,female,63,50
Anders,Doris,Bacon,female,35,500
Anders,Doris,Bacon,female,35,150
Anders,Doris,Bacon,female,35,125
Anders,Dorothy,Elmore,female,30,25
Anders,Dorothy,Elmore,female,30,325
Anders,Dorothy,Elmore,female,30,400
Anders,Dorothy,Elmore,female,30,200
Anders,Dorthy,Guzman,female,45,100
Valerie,Dorthy,Baltazar,female,72,250
Anders,Dorthy,Guzman,female,45,400
Anders,Dorthy,Guzman,female,45,400
Anders,Dorthy,Guzman,female,45,250
Valerie,Duane,Leffel,male,52,250
Valerie,Dulce,Shackelford,female,76,250
Anders,Dustin,Robinson,male,51,225
Valerie,Dwight,Henderson,male,37,250
Valerie,Dwight,Henderson,male,37,200
Valerie,Dwight,Henderson,male,37,175
Valerie,Dwight,Henderson,male,37,150
Valerie,Earl,Orr,male,56,25
Valerie,Eddie,Elliot,male,55,300
Anders,Eddie,Tremblay,male,82,375
Valerie,Edith,Reyes,female,39,175
Anders,Edith,Barrow,female,52,50
Valerie,Edith,Reyes,female,39,100
Valerie,Edith,Reyes,female,39,375
Valerie,Edith,Reyes,female,39,425
Valerie,Edward,Allen,male,29,50
Valerie,Edward,Nicholson,male,32,350
Anders,Edward,Hamrick,male,48,375
Anders,Edward,Serrano,male,72,25
Valerie,Edward,Kinney,male,77,200
Anders,Edward,Santo,male,81,350
Valerie,Edward,Allen,male,29,300
Valerie,Edward,Nicholson,male,32,75
Valerie,Edward,Allen,male,29,350
Valerie,Edward,Nicholson,male,32,150
Valerie,Edward,Allen,male,29,175
Valerie,Edward,Nicholson,male,32,150
Valerie,Edwin,Andrew,male,45,125
Valerie,Edwin,Andrew,male,45,375
Valerie,Edwin,Andrew,male,45,125
Valerie,Edwin,Andrew,male,45,100
Valerie,Edwina,Fox,female,30,450
Valerie,Edwina,Fox,female,30,25
Valerie,Edwina,Fox,female,30,450
Valerie,Edwina,Fox,female,30,50
Anders,Effie,Preston,female,33,225
Anders,Effie,Preston,female,33,275
Anders,Effie,Preston,female,33,300
Anders,Effie,Preston,female,33,100
Anders,Elaine,Gonzales,female,80,400
Valerie,Eleanor,Parson,female,24,100
Valerie,Eleanor,Parson,female,24,200
Valerie,Eleanor,Parson,female,24,225
Valerie,Eleanor,Parson,female,24,200
Anders,Eli,Noack,male,39,500
Anders,Eli,Noack,male,39,375
Anders,Eli,Noack,male,39,175
Anders,Eli,Noack,male,39,150
Anders,Elizabeth,Nagle,female,24,425
Valerie,Elizabeth,Cunningham,female,34,350
Anders,Elizabeth,Ludwig,female,40,500
Anders,Elizabeth,Nagle,female,24,150
Valerie,Elizabeth,Cunningham,female,34,400
Anders,Elizabeth,Ludwig,female,40,125
Anders,Elizabeth,Nagle,female,24,500
Valerie,Elizabeth,Cunningham,female,34,50
Anders,Elizabeth,Ludwig,female,40,100
Anders,Elizabeth,Nagle,female,24,475
Valerie,Elizabeth,Cunningham,female,34,450
Anders,Elizabeth,Ludwig,female,40,100
Valerie,Ella,Isbell,female,53,125
Valerie,Elliot,Watson,male,71,175
Valerie,Elva,Keefer,female,28,25
Valerie,Elva,Keefer,female,28,325
Valerie,Elva,Keefer,female,28,275
Valerie,Elva,Keefer,female,28,325
Valerie,Emily,Ables,female,23,175
Valerie,Emily,Ables,female,23,350
Valerie,Emily,Ables,female,23,250
Valerie,Emily,Ables,female,23,125
Valerie,Emma,Dwyer,female,38,400
Valerie,Emma,Dwyer,female,38,350
Valerie,Emma,Dwyer,female,38,375
Valerie,Emma,Dwyer,female,38,275
Valerie,Eric,Freeman,male,57,200
Anders,Eric,Vieira,male,82,25
Valerie,Ernest,Koonce,male,61,300
Anders,Ernie,Hatcher,male,85,500
Anders,Ethel,Denn,female,50,450
Valerie,Eugene,Adkins,male,39,100
Valerie,Eugene,Hom,male,46,325
Anders,Eugene,Hernandez,male,49,400
Valerie,Eugene,Adkins,male,39,250
Valerie,Eugene,Hom,male,46,250
Valerie,Eugene,Adkins,male,39,475
Valerie,Eugene,Hom,male,46,150
Valerie,Eugene,Adkins,male,39,75
Valerie,Eugene,Hom,male,46,300
Valerie,Eugenia,McLeod,female,48,275
Valerie,Eunice,Kawakami,female,69,450
Anders,Eva,Sinclair,female,22,200
Valerie,Eva,Smith,female,51,275
Valerie,Evelia,Williams,female,67,75
Anders,Evelyn,Cole,female,25,200
Valerie,Evelyn,Jones,female,70,250
Anders,Evelyn,Cole,female,25,150
Anders,Evelyn,Cole,female,25,450
Anders,Evelyn,Cole,female,25,225
Valerie,Fidel,Millett,male,59,325
Anders,Florence,Francis,female,57,350
Valerie,Florence,Jefferson,female,84,25
Anders,Florine,Lucas,female,43,325
Anders,Florine,Lucas,female,43,300
Anders,Florine,Lucas,female,43,25
Anders,Florine,Lucas,female,43,400
Anders,Floyd,Jansen,male,23,350
Anders,Floyd,Jansen,male,23,450
Anders,Floyd,Jansen,male,23,275
Anders,Floyd,Jansen,male,23,250
Anders,Forrest,Levey,male,23,350
Anders,Forrest,Levey,male,23,350
Anders,Forrest,Levey,male,23,450
Anders,Forrest,Levey,male,23,350
Anders,Frances,Fisher,female,84,100
Anders,Francine,Sant,female,81,450
Valerie,Francis,Riffe,male,78,225
Valerie,Frank,Jones,male,66,175
Anders,Franklin,Boysen,male,65,200
Valerie,Fred,Johnson,male,43,125
Valerie,Fred,Johnson,male,43,425
Valerie,Fred,Johnson,male,43,125
Valerie,Fred,Johnson,male,43,125
Anders,Fritz,Householder,male,45,150
Anders,Fritz,Householder,male,45,125
Anders,Fritz,Householder,male,45,250
Anders,Fritz,Householder,male,45,125
Valerie,Garrett,Ruiz,male,45,375
Valerie,Garrett,Ruiz,male,45,100
Valerie,Garrett,Ruiz,male,45,175
Valerie,Garrett,Ruiz,male,45,200
Anders,Gary,Darrell,male,30,25
Anders,Gary,Doctor,male,36,325
Valerie,Gary,Chalmers,male,53,375
Anders,Gary,Guffey,male,66,50
Anders,Gary,Darrell,male,30,150
Anders,Gary,Doctor,male,36,100
Anders,Gary,Darrell,male,30,350
Anders,Gary,Doctor,male,36,225
Anders,Gary,Darrell,male,30,425
Anders,Gary,Doctor,male,36,150
Anders,Geoffrey,Foley,male,19,350
Anders,George,McGrew,male,23,50
Valerie,George,Rogers,male,26,450
Anders,George,Norwood,male,27,325
Anders,George,Wood,male,46,500
Anders,George,Walls,male,46,475
Valerie,George,Dick,male,48,200
Anders,George,Thomas,male,49,25
Valerie,George,Lark,male,79,275
Valerie,George,Miller,male,84,200
Anders,George,McGrew,male,23,350
Valerie,George,Rogers,male,26,450
Anders,George,Norwood,male,27,425
Anders,George,Wood,male,46,225
Anders,George,Walls,male,46,150
Anders,George,McGrew,male,23,225
Valerie,George,Rogers,male,26,375
Anders,George,Norwood,male,27,350
Anders,George,Wood,male,46,350
Anders,George,Walls,male,46,500
Anders,George,McGrew,male,23,500
Valerie,George,Rogers,male,26,150
Anders,George,Norwood,male,27,475
Anders,George,Wood,male,46,400
Anders,George,Walls,male,46,275
Anders,Gerald,Carr,male,34,25
Valerie,Gerald,Walters,male,73,100
Anders,Gerald,Carr,male,34,200
Anders,Gerald,Carr,male,34,150
Anders,Gerald,Carr,male,34,250
Valerie,Geraldine,Mizer,female,27,400
Valerie,Geraldine,Mizer,female,27,500
Valerie,Geraldine,Mizer,female,27,50
Valerie,Geraldine,Mizer,female,27,500
Valerie,Gerard,Charlton,male,47,475
Valerie,Gerard,Charlton,male,47,50
Valerie,Gerard,Charlton,male,47,350
Valerie,Gerard,Charlton,male,47,225
Valerie,Gerri,Bixler,female,30,75
Valerie,Gerri,Bixler,female,30,100
Valerie,Gerri,Bixler,female,30,325
Valerie,Gerri,Bixler,female,30,100
Valerie,Gerry,Atkinson,male,34,50
Valerie,Gerry,Atkinson,male,34,175
Valerie,Gerry,Atkinson,male,34,300
Valerie,Gerry,Atkinson,male,34,325
Valerie,Gertrude,Arthur,female,42,75
Valerie,Gertrude,Arthur,female,42,475
Valerie,Gertrude,Arthur,female,42,200
Valerie,Gertrude,Arthur,female,42,150
Valerie,Gilbert,Tallent,male,28,425
,,,,,
Valerie,Gilbert,Tallent,male,28,25
Valerie,Gilbert,Tallent,male,28,400
Valerie,Gladys,Randall,female,32,175
Valerie,Gladys,Randall,female,32,100
Valerie,Gladys,Randall,female,32,450
Valerie,Gladys,Randall,female,32,100
Anders,Glenn,Lopez,male,41,175
Valerie,Glenn,Brown,male,60,275
Anders,Glenn,Lopez,male,41,125
Anders,Glenn,Lopez,male,41,475
Anders,Glenn,Lopez,male,41,325
Anders,Gloria,Conner,female,65,350
Valerie,Gloria,Butterfield,female,75,375
Valerie,Gloria,Crowley,female,79,400
Valerie,Gloria,Dodson,female,82,150
Anders,Gordon,Marshall,male,39,75
Anders,Gordon,Marshall,male,39,350
Anders,Gordon,Marshall,male,39,125
Anders,Gordon,Marshall,male,39,500
Anders,Grace,Ethier,female,77,200
Valerie,Gregorio,Beasley,male,34,100
Valerie,Gregorio,Beasley,male,34,100
Valerie,Gregorio,Beasley,male,34,475
Valerie,Gregorio,Beasley,male,34,425
Anders,Gregory,Redfern,male,49,375
Anders,Gus,Hempel,male,84,450
Valerie,Guy,Harris,male,47,150
Valerie,Guy,Harris,male,47,475
Valerie,Guy,Harris,male,47,250
Valerie,Guy,Harris,male,47,275
Valerie,Gwen,Armstrong,female,24,150
Anders,Gwen,Deans,female,43,300
Valerie,Gwen,Armstrong,female,24,200
Anders,Gwen,Deans,female,43,325
Valerie,Gwen,Armstrong,female,24,425
Anders,Gwen,Deans,female,43,450
Valerie,Gwen,Armstrong,female,24,175
Anders,Gwen,Deans,female,43,75
Anders,Gwenn,Flynn,female,20,350
Valerie,Haley,Singleton,female,41,275
Valerie,Haley,Singleton,female,41,300
Valerie,Haley,Singleton,female,41,475
Valerie,Haley,Singleton,female,41,250
Anders,Harold,Kurz,male,42,475
Anders,Harold,Kurz,male,42,300
Anders,Harold,Kurz,male,42,250
Anders,Harold,Kurz,male,42,150
Anders,Harriet,Oaks,female,37,300
Anders,Harriet,Ang,female,79,475
Valerie,Harriet,Johnston,female,79,75
Anders,Harriet,Oaks,female,37,200
Anders,Harriet,Oaks,female,37,475
Anders,Harriet,Oaks,female,37,325
Anders,Harry,Campos,male,28,500
Anders,Harry,Campos,male,28,50
Anders,Harry,Campos,male,28,125
Anders,Harry,Campos,male,28,450
Valerie,Harvey,Shrum,male,45,350
Valerie,Harvey,Shrum,male,45,175
Valerie,Harvey,Shrum,male,45,150
Valerie,Harvey,Shrum,male,45,175
Valerie,Heather,Proto,female,34,300
Valerie,Heather,Bailey,female,53,275
Valerie,Heather,Proto,female,34,250
Valerie,Heather,Proto,female,34,375
Valerie,Heather,Proto,female,34,475
Valerie,Hector,Sutherland,male,79,500
Valerie,Helen,Morrison,female,53,425
Anders,Henry,Packer,male,48,150
Anders,Herbert,Perry,male,68,225
Anders,Herbert,Richardson,male,85,175
Anders,Herman,Martin,male,45,350
Anders,Herman,Nowacki,male,46,375
Anders,Herman,Bourque,male,69,475
Anders,Herman,Martin,male,45,400
Anders,Herman,Nowacki,male,46,275
Anders,Herman,Martin,male,45,450
Anders,Herman,Nowacki,male,46,200
Anders,Herman,Martin,male,45,150
Anders,Herman,Nowacki,male,46,500
Valerie,Holly,Baldwin,female,62,350
Anders,Holly,Castaneda,female,72,250
Anders,Hortensia,Dillion,female,34,225
Anders,Hortensia,Dillion,female,34,175
Anders,Hortensia,Dillion,female,34,450
Anders,Hortensia,Dillion,female,34,25
Valerie,Howard,Edwards,male,24,200
Valerie,Howard,Patterson,male,60,150
Valerie,Howard,Aguayo,male,60,475
Valerie,Howard,Edwards,male,24,25
Valerie,Howard,Edwards,male,24,75
Valerie,Howard,Edwards,male,24,100
Valerie,Ignacio,Hernandez,male,42,200
Valerie,Ignacio,Hernandez,male,42,150
Valerie,Ignacio,Hernandez,male,42,375
Valerie,Ignacio,Hernandez,male,42,175
Anders,Irene,Callen,female,80,450
Anders,Israel,Adams,male,85,250
Valerie,Ivonne,Byrne,female,34,350
Valerie,Ivonne,Byrne,female,34,325
Valerie,Ivonne,Byrne,female,34,50
Valerie,Ivonne,Byrne,,34,250
Anders,Jack,Marty,male,20,500
Anders,Jacqueline,Huston,female,30,325
Anders,Jacqueline,Castillo,female,59,500
Anders,Jacqueline,Huston,female,30,150
Anders,Jacqueline,Huston,female,30,200
Anders,Jacqueline,Huston,female,30,200
Anders,Jaime,Gordy,male,65,400
Valerie,Jake,Gardin,male,55,425
Valerie,James,Lemon,male,22,500
Anders,James,Cunningham,male,25,175
Anders,James,Yates,male,26,100
Valerie,James,Huck,male,34,100
Valerie,James,Klaus,male,35,150
Anders,James,McGregor,male,57,325
Anders,James,Heaton,male,65,250
Valerie,James,Biggerstaff,male,68,275
Anders,James,Walton,male,71,300
Anders,James,Hemingway,male,72,325
Valerie,James,Day,male,72,150
Valerie,James,Edwards,male,72,125
Valerie,James,Bond,male,82,350
Anders,James,Jackson,male,85,50
Anders,James,Cunningham,male,25,500
Anders,James,Yates,male,26,500
Valerie,James,Huck,male,34,350
Valerie,James,Klaus,male,35,175
Anders,James,Cunningham,male,25,475
Anders,James,Yates,male,26,250
Valerie,James,Huck,male,34,500
Valerie,James,Klaus,male,35,225
Anders,James,Cunningham,male,25,200
Anders,James,Yates,male,26,400
Valerie,James,Huck,male,34,150
Valerie,James,Klaus,male,35,25
Valerie,Jami,Turner,female,69,300
Anders,Jamie,Bartz,female,52,50
Anders,Janice,Stollings,female,46,400
Anders,Janice,Stollings,female,46,75
Anders,Janice,Stollings,female,46,275
Anders,Janice,Stollings,female,46,25
Valerie,Janie,Huitt,female,21,225
Valerie,Jason,Faller,male,29,75
Anders,Jason,Shepherd,male,54,350
Anders,Jason,Blodgett,male,55,200
Valerie,Jason,Hope,male,69,75
Valerie,Jason,Faller,male,29,200
Valerie,Jason,Faller,male,29,450
Valerie,Jason,Faller,male,29,450
Anders,Jean,McKinney,female,42,225
Anders,Jean,Blanchette,female,50,400
Anders,Jean,Joseph,male,56,125
Anders,Jean,Rood,female,60,75
Anders,Jean,McKinney,female,42,300
Anders,Jean,McKinney,female,42,175
Anders,Jean,McKinney,female,42,150
Anders,Jeanna,Choquette,female,63,25
Anders,Jeanne,Walker,female,44,425
Anders,Jeanne,Walker,female,44,275
Anders,Jeanne,Walker,female,44,175
Anders,Jeanne,Walker,female,44,275
Anders,Jeff,McKenney,male,39,400
Anders,Jeff,McKenney,male,39,350
Anders,Jeff,McKenney,male,39,100
Anders,Jeff,McKenney,male,39,225
Valerie,Jeffrey,Erbe,male,46,250
Anders,Jeffrey,Taylor,male,49,325
Anders,Jeffrey,Burton,male,51,150
Valerie,Jeffrey,Jenkins,male,74,200
Valerie,Jeffrey,Erbe,male,46,500
Valerie,Jeffrey,Erbe,male,46,25
Valerie,Jeffrey,Erbe,male,46,100
Anders,Jennifer,Osborn,female,47,500
Anders,Jennifer,Barile,female,52,125
Valerie,Jennifer,Horton,female,55,50
Valerie,Jennifer,Simmons,female,78,425
Anders,Jeraldine,Fortney,female,53,100
Valerie,Jeremy,Rojas,male,71,450
Anders,Jerome,Johnson,male,53,500
Anders,Jerome,Pennington,male,75,250
Anders,Jerry,Stevenson,male,58,150
Anders,Jesse,Dent,male,71,150
Anders,Jessica,Russell,female,32,100
Anders,Jessica,Abbott,female,33,500
Anders,Jessica,Stelly,female,44,325
Anders,Jessica,Tisdale,female,63,275
Anders,Jessica,Russell,female,32,25
Anders,Jessica,Abbott,female,33,150
Anders,Jessica,Stelly,female,44,375
Anders,Jessica,Russell,female,32,475
Anders,Jessica,Abbott,female,33,50
Anders,Jessica,Stelly,female,44,300
Anders,Jessica,Russell,female,32,475
Anders,Jessica,Abbott,female,33,25
Anders,Jessica,Stelly,female,44,100
Anders,Jessie,Loyd,female,71,150
Anders,Jesus,Greene,male,79,475
Valerie,Jimmie,Romero,male,78,350
Anders,Jimmy,Pace,male,23,100
Anders,Jimmy,Creed,male,67,25
Anders,Jimmy,Cantu,male,77,175
Anders,Jimmy,Pace,male,23,50
Anders,Jimmy,Pace,male,23,175
Anders,Jimmy,Pace,male,23,350
Anders,Joan,Davis,female,82,75
Valerie,Joann,Torres,female,41,350
Valerie,Joann,Torres,female,41,225
Valerie,Joann,Torres,female,41,175
Valerie,Joann,Torres,female,41,100
Anders,Joanna,Lucas,female,67,425
Valerie,Joanna,Smith,female,77,275
Anders,Joanne,Grahm,female,60,225
Anders,Jodi,Salyers,female,46,150
Anders,Jodi,Salyers,female,46,450
Anders,Jodi,Salyers,female,46,325
Anders,Jodi,Salyers,female,46,175
Anders,Jody,Taylor,female,53,100
Valerie,Joe,Mager,male,21,475
Anders,Joe,Simmons,male,29,150
Anders,Joe,Simmons,male,29,25
Anders,Joe,Simmons,male,29,250
Anders,Joe,Simmons,male,29,125
Valerie,Joel,Bass,male,52,450
Valerie,Joey,Griffin,male,25,150
Valerie,Joey,Griffin,male,25,225
Valerie,Joey,Griffin,,25,200
Valerie,Joey,Griffin,male,25,350
Anders,John,Black,male,19,225
Valerie,John,Christensen,male,22,400
Anders,John,Short,male,31,325
Valerie,John,Garvin,male,40,175
Anders,John,Kennedy,male,53,450
Anders,John,McCormick,male,59,50
Valerie,John,Papke,male,64,50
Anders,John,Kennedy,male,70,375
Valerie,John,Wilkinson,male,71,125
Anders,John,McGee,male,71,425
Anders,John,Wolfe,male,75,225
Anders,John,Rodriguez,male,78,100
Anders,John,Russell,male,79,450
Valerie,John,Childers,male,85,75
Anders,John,Short,male,31,325
Valerie,John,Garvin,male,40,150
Anders,John,Short,male,31,175
Valerie,John,Garvin,male,40,325
Anders,John,Short,male,31,175
Valerie,John,Garvin,male,40,225
Anders,Jose,Cody,male,72,450
Anders,Joseph,Dey,male,26,100
Valerie,Joseph,Demarco,male,44,25
Anders,Joseph,Marquez,male,50,100
Anders,Joseph,Correa,male,69,325
Valerie,Joseph,Velasco,male,71,400
Anders,Joseph,Dey,male,26,175
Valerie,Joseph,Demarco,male,44,325
Anders,Joseph,Dey,male,26,275
Valerie,Joseph,Demarco,male,44,175
Anders,Joseph,Dey,male,26,200
Valerie,Joseph,Demarco,male,44,300
Anders,Josephine,Chambers,female,49,300
Anders,Josie,Schaible,female,81,100
Anders,Joyce,Bell,female,47,75
Valerie,Joyce,Coffman,female,58,325
Anders,Joyce,Kelley,female,63,300
Anders,Joyce,Bell,female,47,350
Anders,Joyce,Bell,female,47,100
Anders,Joyce,Bell,female,47,75
Valerie,Juan,Tomlinson,male,19,225
Anders,Juan,Case,male,33,150
Anders,Juan,Hillman,male,49,175
Valerie,Juan,Cruz,male,73,275
Anders,Juan,Bishop,male,81,425
Anders,Juan,Case,male,33,125
Anders,Juan,Case,male,33,325
Anders,Juan,Case,male,33,450
Anders,Judi,Shue,female,20,500
Anders,Judith,Beane,female,41,250
Anders,Judith,Beane,female,41,500
Anders,Judith,Beane,female,41,450
Anders,Judith,Beane,,41,100
Anders,Judy,Bowling,female,32,275
Anders,Judy,Bowling,female,32,375
Anders,Judy,Bowling,female,32,225
Anders,Judy,Bowling,female,32,50
Anders,Julianna,Chenier,female,45,475
Anders,Julianna,Chenier,female,45,75
Anders,Julianna,Chenier,female,45,275
Anders,Julianna,Chenier,female,45,75
Anders,Julienne,Luz,female,57,450
Anders,Justin,Kern,male,25,75
Valerie,Justin,Hernandez,male,85,400
Anders,Justin,Kern,male,25,100
Anders,Justin,Kern,male,25,100
Anders,Justin,Kern,male,25,500
Valerie,Kami,Johnson,female,27,500
Valerie,Kami,Johnson,female,27,75
Valerie,Kami,Johnson,female,27,100
Valerie,Kami,Johnson,female,27,75
Anders,Karen,George,female,57,350
Valerie,Karen,Jones,female,63,300
Anders,Karen,Kirby,female,79,175
Valerie,Kate,Williams,female,66,300
Valerie,Kathleen,Freeman,female,42,50
Valerie,Kathleen,Freeman,female,42,75
Valerie,Kathleen,Freeman,female,42,300
Valerie,Kathleen,Freeman,female,42,25
Valerie,Kathrine,Kimble,female,51,50
Anders,Kathryn,Tyler,female,21,150
Valerie,Kathryn,Miller,female,61,75
Anders,Kathryn,Barron,female,68,225
Valerie,Kathy,Boyle,female,54,450
Anders,Katie,Florence,female,44,350
Anders,Katie,Florence,female,44,100
Anders,Katie,Florence,female,44,350
Anders,Katie,Florence,female,44,375
Valerie,Kayla,Pickens,female,82,175
Valerie,Keith,Stith,male,39,200
Anders,Keith,Hodge,male,72,450
Anders,Keith,Wideman,male,72,400
Valerie,Keith,Stith,male,39,150
Valerie,Keith,Stith,male,39,175
Valerie,Keith,Stith,male,39,400
Valerie,Kelli,Howard,female,55,100
Anders,Kelly,Jones,female,24,425
Anders,Kelly,Jones,female,24,75
Anders,Kelly,Jones,female,24,375
Anders,Kelly,Jones,female,24,75
Anders,Ken,Garnica,male,40,450
Anders,Ken,Garnica,male,40,200
Anders,Ken,Garnica,male,40,225
Anders,Ken,Garnica,male,40,125
Valerie,Kenneth,Shipman,male,32,500
Anders,Kenneth,Logan,male,33,350
Valerie,Kenneth,Winston,male,37,500
Anders,Kenneth,Davis,male,59,450
Anders,Kenneth,Atwood,male,79,200
Valerie,Kenneth,Shipman,male,32,375
Anders,Kenneth,Logan,male,33,400
Valerie,Kenneth,Winston,male,37,275
Valerie,Kenneth,Shipman,male,32,225
Anders,Kenneth,Logan,male,33,100
Valerie,Kenneth,Winston,male,37,100
Valerie,Kenneth,Shipman,male,32,175
Anders,Kenneth,Logan,male,33,325
Valerie,Kenneth,Winston,male,37,200
Valerie,Kerri,Stehle,female,76,425
Valerie,Kerry,Tobin,female,65,100
Anders,Kevin,Burnette,male,19,500
Anders,Kevin,Rangel,male,33,100
Anders,Kevin,Woodall,male,52,275
Valerie,Kevin,Johnson,male,56,400
Anders,Kevin,Rangel,male,33,500
Anders,Kevin,Rangel,male,33,300
Anders,Kevin,Rangel,male,33,25
Anders,Kim,Perry,female,63,25
Anders,Kim,Garcia,female,72,175
Valerie,Kimberly,Salmon,female,23,100
Valerie,Kimberly,Nehring,female,35,325
Anders,Kimberly,Preston,female,53,275
Valerie,Kimberly,Lacey,female,69,350
Anders,Kimberly,Lively,female,69,175
Anders,Kimberly,Drake,female,71,300
Valerie,Kimberly,Salmon,female,23,125
Valerie,Kimberly,Nehring,female,35,175
Valerie,Kimberly,Salmon,female,23,325
Valerie,Kimberly,Nehring,female,35,75
Valerie,Kimberly,Salmon,female,23,275
Valerie,Kimberly,Nehring,female,35,350
Anders,Kisha,Wheeler,female,81,350
Valerie,Kristin,Dixon,female,45,375
Valerie,Kristin,Okane,female,81,100
Valerie,Kristin,Dixon,female,45,100
Valerie,Kristin,Dixon,female,45,200
Valerie,Kristin,Dixon,female,45,400
Valerie,Kurt,Santos,male,43,400
Valerie,Kurt,Santos,male,43,125
Valerie,Kurt,Santos,male,43,300
Valerie,Kurt,Santos,,43,425
Valerie,Kyle,Talbot,male,41,400
Valerie,Kyle,Talbot,male,41,325
Valerie,Kyle,Talbot,male,41,75
Valerie,Kyle,Talbot,male,41,250
Anders,Larry,Horton,male,38,75
Valerie,Larry,Morales,male,46,300
Valerie,Larry,Johnson,male,70,175
Anders,Larry,Horton,male,38,400
Valerie,Larry,Morales,male,46,225
Anders,Larry,Horton,male,38,300
Valerie,Larry,Morales,male,46,75
Anders,Larry,Horton,male,38,475
Valerie,Larry,Morales,male,46,125
Valerie,Laura,Evans,female,62,50
Anders,Lauren,Hernandez,female,19,275
Anders,Lauren,Mori,female,39,150
Anders,Lauren,Mori,female,39,75
Anders,Lauren,Mori,female,39,450
Anders,Lauren,Mori,female,39,275
Anders,Lawrence,Fink,male,57,75
Valerie,Lawrence,Schmidt,male,68,125
Anders,Leah,Blythe,female,74,25
Valerie,Leon,Corbeil,male,41,100
Valerie,Leon,Corbeil,male,41,200
Valerie,Leon,Corbeil,male,41,50
Valerie,Leon,Corbeil,male,41,150
Anders,Leonard,Funk,male,29,50
Anders,Leonard,Funk,male,29,300
Anders,Leonard,Funk,male,29,325
Anders,Leonard,Funk,male,29,450
Anders,Leroy,Oldham,male,46,275
Anders,Leroy,Thomas,male,77,325
Anders,Leroy,Oldham,male,46,100
Anders,Leroy,Oldham,male,46,475
Anders,Leroy,Oldham,male,46,450
Anders,Lester,Bogner,male,36,350
Valerie,Lester,Hill,male,74,150
Anders,Lester,Bogner,male,36,225
Anders,Lester,Bogner,male,36,200
Anders,Lester,Bogner,male,36,475
Valerie,Levi,Alicea,male,83,100
Valerie,Lewis,Hernandez,male,69,100
Anders,Lila,Lang,female,49,100
Anders,Linda,Owen,female,23,200
Anders,Linda,Montez,female,36,150
Anders,Linda,Otoole,female,69,25
Anders,Linda,Owen,female,23,350
Anders,Linda,Montez,female,36,275
Anders,Linda,Owen,female,23,500
Anders,Linda,Montez,female,36,250
Anders,Linda,Owen,female,23,400
Anders,Linda,Montez,female,36,150
Anders,Lisa,Doty,female,20,150
Anders,Lisa,Harper,female,23,450
Valerie,Lisa,Whatley,female,77,300
Anders,Lisa,Janson,female,77,500
Anders,Lloyd,Hudock,male,51,500
Valerie,Logan,Whalen,male,70,425
Valerie,Lonny,Haynes,male,24,375
Valerie,Lonny,Haynes,male,24,25
Valerie,Lonny,Haynes,male,24,475
Valerie,Lonny,Haynes,male,24,425
Anders,Loren,Miller,male,54,100
Valerie,Lorena,Belisle,female,75,100
Anders,Lori,Raynor,female,28,250
Anders,Lori,Paille,female,49,375
Anders,Lori,Raynor,,28,400
Anders,Lori,Raynor,female,28,400
Anders,Lori,Raynor,female,28,425
Valerie,Lorie,Balcom,female,51,175
Anders,Lorna,Smith,female,49,225
Anders,Louann,Bridges,female,23,200
Valerie,Louis,Roberts,male,26,50
Anders,Louis,Bishop,male,65,25
Valerie,Louis,Roberts,male,26,450
Valerie,Louis,Roberts,male,26,500
Valerie,Louis,Roberts,male,26,425
Valerie,Luciano,Bland,male,71,400
Valerie,Lucy,Rankin,female,59,175
Valerie,Luis,Stoddard,male,20,400
Valerie,Luis,Byrnes,male,27,250
Valerie,Luis,Rodgers,male,75,75
Valerie,Luis,Byrnes,male,27,100
Valerie,Luis,Byrnes,male,27,225
Valerie,Luis,Byrnes,male,27,25
Valerie,Luke,Martin,male,35,75
Valerie,Luke,Martin,male,35,450
Valerie,Luke,Martin,male,35,375
Valerie,Luke,Martin,male,35,325
Anders,Luther,Murphy,male,72,425
Anders,Luz,White,female,83,100
Valerie,Lyle,Gunter,male,26,200
Valerie,Lyle,Gunter,male,26,500
Valerie,Lyle,Gunter,male,26,425
Valerie,Lyle,Gunter,male,26,200
Anders,Lynn,Smith,male,32,500
Anders,Lynn,Smith,male,32,300
Anders,Lynn,Smith,male,32,350
Anders,Lynn,Smith,male,32,25
Anders,Mabel,Tomlin,female,61,350
Anders,Mamie,Cranford,female,72,200
Valerie,Mamie,Siller,female,79,200
Anders,Marc,Adams,male,22,450
Valerie,Margaret,Brown,female,25,350
Valerie,Margaret,Boese,female,55,325
Valerie,Margaret,Brown,female,25,325
Valerie,Margaret,Brown,female,25,175
Valerie,Margaret,Brown,female,25,225
Valerie,Margarita,Aguinaldo,female,52,175
Anders,Marguerite,Koch,female,23,225
Anders,Marguerite,Koch,female,23,500
Anders,Marguerite,Koch,female,23,325
Anders,Marguerite,Koch,female,23,250
Anders,Maria,McDowell,female,42,200
Valerie,Maria,Munday,female,53,375
Valerie,Maria,Funk,female,56,275
Valerie,Maria,Jones,female,60,175
Anders,Maria,Goldstein,female,66,475
Anders,Maria,Christensen,female,69,175
Anders,Maria,Wyatt,female,79,425
Anders,Maria,McDowell,female,42,150
Anders,Maria,McDowell,female,42,500
Anders,Maria,McDowell,female,42,500
Anders,Marie,Pannell,female,38,125
Anders,Marie,Bombard,female,53,200
Valerie,Marie,Franklin,female,70,250
Anders,Marie,Pannell,female,38,425
Anders,Marie,Pannell,female,38,250
Anders,Marie,Pannell,female,38,450
Anders,Marilyn,Hammond,female,30,200
Anders,Marilyn,Hammond,female,30,250
Anders,Marilyn,Hammond,female,30,175
Anders,Marilyn,Hammond,female,30,350
Anders,Mario,Ammons,male,82,75
Anders,Marion,Brown,male,79,400
Anders,Marissa,Lafortune,female,68,325
Anders,Mark,Salazar,male,22,150
Anders,Mark,Brunelle,male,49,250
Anders,Martha,Campbell,female,54,350
Anders,Martha,Jobe,female,54,250
Valerie,Martha,Clark,female,56,175
Valerie,Marvin,Singleton,male,43,150
Valerie,Marvin,Bowles,male,61,325
Valerie,Marvin,Singleton,male,43,200
Valerie,Marvin,Singleton,male,43,400
Valerie,Marvin,Singleton,male,43,375
Valerie,Mary,Windham,female,21,200
Anders,Mary,Luce,female,26,325
Anders,Mary,Perkins,female,32,450
Anders,Mary,Stephens,female,37,425
Valerie,Mary,Ibarra,female,45,400
Anders,Mary,Chapman,female,49,100
Anders,Mary,Carr,male,50,450
Anders,Mary,White,female,51,225
Anders,Mary,Rogers,female,53,425
Valerie,Mary,Purvis,female,53,175
Valerie,Mary,Bourne,female,81,200
Anders,Mary,Fore,female,82,175
Anders,Mary,Robbins,female,83,50
Anders,Mary,Chapman,female,83,200
Valerie,Mary,Baggett,female,84,325
Valerie,Mary,Ma,female,85,325
Anders,Mary,Luce,female,26,275
Anders,Mary,Perkins,female,32,125
Anders,Mary,Stephens,female,37,200
Valerie,Mary,Ibarra,female,45,175
Anders,Mary,Luce,female,26,100
Anders,Mary,Perkins,female,32,275
Anders,Mary,Stephens,female,37,475
Valerie,Mary,Ibarra,female,45,125
Anders,Mary,Luce,female,26,400
Anders,Mary,Perkins,female,32,350
Anders,Mary,Stephens,female,37,350
Valerie,Mary,Ibarra,female,45,250
Anders,Matthew,Marks,male,43,500
Anders,Matthew,Marks,male,43,300
Anders,Matthew,Marks,male,43,125
Anders,Matthew,Marks,male,43,75
Anders,Maureen,Chaney,female,46,225
Anders,Maureen,Chaney,female,46,125
Anders,Maureen,Chaney,female,46,300
Anders,Maureen,Chaney,female,46,325
Valerie,Maurice,Flower,male,59,25
Anders,Maxine,Pennington,female,51,25
Anders,Melinda,Bailey,female,46,300
Anders,Melinda,Bailey,female,46,25
Anders,Melinda,Bailey,female,46,475
Anders,Melinda,Bailey,female,46,175
Anders,Merle,Clark,male,84,250
Anders,Michael,Murry,male,20,400
Anders,Michael,Brawner,male,25,325
Valerie,Michael,Price,male,27,25
Anders,Michael,Garcia,male,35,150
Valerie,Michael,Mann,male,38,375
Valerie,Michael,Childress,male,38,300
Anders,Michael,Smith,male,47,325
Anders,Michael,Diaz,male,49,175
Anders,Michael,Walker,male,53,75
Anders,Michael,Jarvis,male,54,300
Anders,Michael,Rickman,male,69,75
Valerie,Michael,Humphery,male,71,75
Valerie,Michael,Sweeney,male,71,350
Valerie,Michael,Batiste,male,74,175
Valerie,Michael,Williamson,male,75,500
Valerie,Michael,Walker,male,76,350
Anders,Michael,Greenway,male,78,200
Anders,Michael,Brawner,male,25,225
Valerie,Michael,Price,male,27,275
Anders,Michael,Garcia,male,35,25
Valerie,Michael,Mann,male,38,125
Valerie,Michael,Childress,male,38,300
Anders,Michael,Brawner,male,25,275
Valerie,Michael,Price,male,27,425
Anders,Michael,Garcia,male,35,500
Valerie,Michael,Mann,male,38,100
Valerie,Michael,Childress,male,38,150
Anders,Michael,Brawner,male,25,300
Valerie,Michael,Price,male,27,250
Anders,Michael,Garcia,male,35,350
Valerie,Michael,Mann,male,38,450
Valerie,Michael,Childress,male,38,175
Anders,Micheal,Griffis,male,81,200
Anders,Michelle,Gerling,female,67,175
Valerie,Michelle,Dickinson,female,71,125
Anders,Mildred,Jean,female,40,325
Anders,Mildred,Pinheiro,female,70,300
Anders,Mildred,Jean,female,40,275
Anders,Mildred,Jean,female,40,325
Anders,Mildred,Jean,female,40,200
Anders,Millicent,Ludwig,female,24,450
Anders,Millicent,Ludwig,female,24,150
Anders,Millicent,Ludwig,female,24,125
Anders,Millicent,Ludwig,female,24,150
Anders,Mindy,Payne,female,33,100
Anders,Mindy,Payne,female,33,375
Anders,Mindy,Payne,female,33,75
Anders,Mindy,Payne,female,33,425
Valerie,Minnie,Stanley,female,61,450
Anders,Minnie,Davis,female,69,50
Anders,Misty,Haslett,female,47,125
Anders,Moises,Harper,male,30,475
Anders,Moises,Harper,male,30,150
Anders,Moises,Harper,male,30,500
Anders,Moises,Harper,male,30,375
Anders,Myles,Rogers,male,64,150
Anders,Nadia,Potter,female,60,225
Valerie,Nancy,Owens,female,53,475
Anders,Nancy,Sawyer,female,79,250
Valerie,Nancy,Smith,female,83,25
Anders,Natalie,Coyle,female,43,250
Anders,Natalie,Coyle,female,43,150
Anders,Natalie,Coyle,female,43,50
Anders,Natalie,Coyle,female,43,25
Anders,Natasha,Tipton,female,21,500
Valerie,Natasha,Ross,female,35,100
Valerie,Natasha,Ross,female,35,400
Valerie,Natasha,Ross,female,35,50
Valerie,Natasha,Ross,female,35,50
Anders,Nathan,Armstrong,male,64,350
Valerie,Nathaniel,Zaleski,male,61,300
Anders,Ned,Berman,male,46,300
Anders,Ned,Berman,male,46,25
Anders,Ned,Berman,male,46,25
Anders,Ned,Berman,male,46,150
Anders,Nicole,Hammontree,female,36,200
Anders,Nicole,Hammontree,female,36,400
Anders,Nicole,Hammontree,female,36,225
Anders,Nicole,Hammontree,female,36,200
Valerie,Niki,Rodriguez,female,19,100
Anders,Ola,Cherry,female,26,75
Anders,Ola,Cherry,female,26,475
Anders,Ola,Cherry,female,26,275
Anders,Ola,Cherry,female,26,75
Valerie,Ora,Kelly,female,52,350
Anders,Orlando,Skelton,male,78,275
Valerie,Pamela,Beyer,female,54,375
Anders,Patricia,Benefield,female,74,300
Valerie,Paul,Sullivan,male,26,350
Anders,Paul,McIntire,male,31,175
Anders,Paul,Nelson,male,42,225
Valerie,Paul,Kunkle,male,60,425
Anders,Paul,Hough,male,73,100
Anders,Paul,Rollins,male,81,475
Valerie,Paul,Sullivan,male,26,300
Anders,Paul,McIntire,male,31,25
Anders,Paul,Nelson,male,42,475
Valerie,Paul,Sullivan,male,26,450
Anders,Paul,McIntire,male,31,50
Anders,Paul,Nelson,male,42,275
Valerie,Paul,Sullivan,male,26,100
Anders,Paul,McIntire,male,31,400
Anders,Paul,Nelson,male,42,350
Anders,Pauline,Bates,female,34,200
Anders,Pauline,Bates,female,34,450
Anders,Pauline,Bates,female,34,300
Anders,Pauline,Bates,female,34,175
Anders,Pearl,Medina,female,24,400
Anders,Pearl,Moore,female,68,175
Anders,Pearl,Medina,female,24,25
Anders,Pearl,Medina,female,24,500
Anders,Pearl,Medina,female,24,475
Anders,Peggy,Wilson,female,81,225
Anders,Penelope,Rudd,female,80,100
Anders,Perry,Gardner,male,39,100
Anders,Perry,Gardner,male,39,350
Anders,Perry,Gardner,male,39,275
Anders,Perry,Gardner,male,39,100
Anders,Peter,Satterfield,male,33,75
Anders,Peter,Satterfield,male,33,50
Anders,Peter,Satterfield,male,33,150
Anders,Peter,Satterfield,male,33,100
Valerie,Philip,Lawrence,male,68,50
Anders,Phillip,Brooks,male,85,150
Valerie,Rachel,Shaw,female,19,300
Valerie,Ralph,Anderson,male,78,275
Anders,Ramon,Gill,male,55,400
Anders,Randy,Otero,male,85,475
Anders,Raul,Teague,male,46,200
Anders,Raul,Teague,male,46,50
Anders,Raul,Teague,male,46,425
Anders,Raul,Teague,male,46,25
Anders,Raymond,Nunnery,male,34,400
Anders,Raymond,Hilton,male,39,250
Valerie,Raymond,McIntyre,male,39,450
Anders,Raymond,Burns,male,47,150
Anders,Raymond,McClintock,male,51,450
Valerie,Raymond,Humphrey,male,52,325
Anders,Raymond,Nunnery,male,34,125
Anders,Raymond,Hilton,male,39,375
Valerie,Raymond,McIntyre,male,39,400
Anders,Raymond,Burns,male,47,50
Anders,Raymond,Nunnery,male,34,350
Anders,Raymond,Hilton,male,39,225
Valerie,Raymond,McIntyre,male,39,275
Anders,Raymond,Burns,male,47,250
Anders,Raymond,Nunnery,male,34,100
Anders,Raymond,Hilton,male,39,225
Valerie,Raymond,McIntyre,male,39,350
Anders,Raymond,Burns,male,47,300
Valerie,Rebecca,Scott,female,50,125
Anders,Regenia,Hardy,female,68,275
Valerie,Regina,Whatley,female,22,450
Anders,Richard,Williams,male,19,200
Anders,Richard,Fulton,male,22,450
Valerie,Richard,Larocque,male,27,200
Valerie,Richard,Flores,male,59,125
Valerie,Richard,Larocque,male,27,225
Valerie,Richard,Larocque,male,27,200
Valerie,Richard,Larocque,male,27,500
Anders,Ricky,Diederich,male,28,475
Anders,Ricky,Flannery,male,31,500
Anders,Ricky,Carter,male,68,225
Anders,Ricky,Diederich,male,28,225
Anders,Ricky,Flannery,male,31,300
Anders,Ricky,Diederich,male,28,325
Anders,Ricky,Flannery,male,31,125
Anders,Ricky,Diederich,male,28,450
Anders,Ricky,Flannery,male,31,225
Anders,Rigoberto,Powell,male,69,475
Anders,Robert,Taylor,male,21,200
Anders,Robert,Mabry,male,26,475
Valerie,Robert,Valentine,male,27,25
Anders,Robert,Longfellow,male,29,325
Anders,Robert,Botkin,male,39,50
Valerie,Robert,Choice,male,40,100
Anders,Robert,Culbertson,male,42,275
Anders,Robert,Briggs,male,46,125
Valerie,Robert,Gerena,male,50,75
Anders,Robert,Bybee,male,63,350
Anders,Robert,Beers,male,63,475
Valerie,Robert,Murdock,male,65,225
Valerie,Robert,Graham,male,72,225
Valerie,Robert,Frazee,male,75,425
Valerie,Robert,Esposito,male,77,350
Anders,Robert,Mallory,male,80,450
Anders,Robert,Stackhouse,male,83,425
Anders,Robert,Mabry,male,26,450
Valerie,Robert,Valentine,male,27,150
Anders,Robert,Longfellow,male,29,125
Anders,Robert,Botkin,male,39,325
Valerie,Robert,Choice,male,40,375
Anders,Robert,Culbertson,male,42,200
Anders,Robert,Briggs,male,46,400
Anders,Robert,Mabry,male,26,450
Valerie,Robert,Valentine,male,27,300
Anders,Robert,Longfellow,male,29,475
Anders,Robert,Botkin,male,39,175
Valerie,Robert,Choice,male,40,425
Anders,Robert,Culbertson,male,42,425
Anders,Robert,Briggs,male,46,175
Anders,Robert,Mabry,male,26,200
Valerie,Robert,Valentine,male,27,225
Anders,Robert,Longfellow,male,29,425
Anders,Robert,Botkin,male,39,175
Valerie,Robert,Choice,male,40,350
Anders,Robert,Culbertson,male,42,200
Anders,Robert,Briggs,male,46,175
Anders,Roberta,Garcia,female,64,150
Anders,Robyn,Nutter,female,68,500
Anders,Rochell,Peterson,female,83,100
Anders,Roger,Dabrowski,male,84,500
Anders,Roman,Graham,male,44,75
Anders,Roman,Graham,male,44,375
Anders,Roman,Graham,male,44,350
Anders,Roman,Graham,male,44,200
Anders,Ronald,Lewis,male,29,350
Valerie,Ronald,Westfall,male,33,25
Anders,Ronald,Rivera,male,79,450
Anders,Ronald,Lewis,male,29,125
Valerie,Ronald,Westfall,male,33,100
Anders,Ronald,Lewis,male,29,200
Valerie,Ronald,Westfall,male,33,300
Anders,Ronald,Lewis,male,29,275
Valerie,Ronald,Westfall,male,33,200
Anders,Roy,Larson,male,33,425
Anders,Roy,Larson,male,33,250
Anders,Roy,Larson,male,33,100
Anders,Roy,Larson,male,33,200
Valerie,Rudolph,Mouton,male,57,475
Valerie,Rufus,Raynor,male,83,25
Anders,Russell,Walker,male,68,375
Valerie,Ruth,Chacon,female,54,275
Valerie,Ryan,Stoops,male,30,150
Valerie,Ryan,Hightower,male,47,325
Valerie,Ryan,Stoops,male,30,250
Valerie,Ryan,Stoops,male,30,150
Valerie,Ryan,Stoops,male,30,225
Valerie,Sadie,Barton,female,36,150
Valerie,Sadie,Barton,female,36,125
Valerie,Sadie,Barton,female,36,350
Valerie,Sadie,Barton,female,36,25
Valerie,Samuel,Gonzalez,male,46,225
Valerie,Samuel,Messick,male,75,225
Valerie,Samuel,Gonzalez,male,46,400
Valerie,Samuel,Gonzalez,male,46,100
Valerie,Samuel,Gonzalez,male,46,350
Anders,Sandra,Rockett,female,31,475
Anders,Sandra,Levesque,female,44,450
Anders,Sandra,Snow,female,45,375
Valerie,Sandra,Ladd,female,52,225
Anders,Sandra,Samson,female,71,400
Anders,Sandra,Holland,female,73,300
Anders,Sandra,Rockett,female,31,175
Anders,Sandra,Levesque,female,44,175
Anders,Sandra,Snow,female,45,375
Anders,Sandra,Rockett,female,31,50
Anders,Sandra,Levesque,female,44,325
Anders,Sandra,Snow,female,45,25
Anders,Sandra,Rockett,female,31,75
Anders,Sandra,Levesque,female,44,400
Anders,Sandra,Snow,female,45,100
Anders,Sanford,Clements,male,59,350
Anders,Sarah,Douglas,female,63,500
Anders,Scott,Morgan,male,36,200
Valerie,Scott,Case,male,41,125
Anders,Scott,Dille,male,61,150
Anders,Scott,Casanova,male,81,225
Anders,Scott,Morgan,male,36,250
Valerie,Scott,Case,male,41,300
Anders,Scott,Morgan,male,36,25
Valerie,Scott,Case,male,41,50
Anders,Scott,Morgan,male,36,75
Valerie,Scott,Case,male,41,300
Valerie,Sean,Griffin,male,42,325
Valerie,Sean,Griffin,male,42,125
Valerie,Sean,Griffin,male,42,300
Valerie,Sean,Griffin,male,42,300
Anders,Seth,Coe,male,19,75
Anders,Shane,Hale,male,26,25
Anders,Shane,Hale,male,26,175
Anders,Shane,Hale,male,26,125
Anders,Shane,Hale,male,26,500
Valerie,Shannon,Sanders,female,54,125
Valerie,Sharon,Johnson,female,25,375
Anders,Sharon,Bracey,female,70,350
Valerie,Sharon,Johnson,female,25,350
Valerie,Sharon,Johnson,female,25,375
Valerie,Sharon,Johnson,female,25,225
Valerie,Shaun,Bottorff,male,82,475
Anders,Sheila,Soto,female,56,325
Anders,Shelia,Turner,female,62,125
Valerie,Shelley,Aragon,female,73,125
Valerie,Sherri,Goodwin,female,82,150
Anders,Sherry,Sparrow,female,44,350
Anders,Sherry,Hill,female,80,450
Anders,Sherry,Sparrow,female,44,400
Anders,Sherry,Sparrow,female,44,400
Anders,Sherry,Sparrow,female,44,375
Anders,Sheryl,Nelson,female,66,175
Valerie,Shirlee,Rees,female,30,150
Valerie,Shirlee,Rees,female,30,150
Valerie,Shirlee,Rees,female,30,425
Valerie,Shirlee,Rees,female,30,350
Valerie,Shonna,Slack,female,53,175
Valerie,Silvia,Hastings,female,37,75
Valerie,Silvia,Hastings,female,37,125
Valerie,Silvia,Hastings,female,37,50
Valerie,Silvia,Hastings,female,37,225
Anders,Soraya,Obrien,female,68,425
Anders,Staci,Nicholson,female,47,225
Valerie,Stanley,Dawson,male,45,25
Valerie,Stanley,Dawson,male,45,200
Valerie,Stanley,Dawson,male,45,425
Valerie,Stanley,Dawson,male,45,100
Anders,Stephanie,Acuna,female,21,275
Valerie,Stephen,Schubert,male,58,400
Valerie,Stephen,Constance,male,67,175
Anders,Stephen,Tracy,male,79,225
Anders,Steven,Copeland,male,29,125
Anders,Steven,Poole,male,39,250
Anders,Steven,Davis,male,46,275
Valerie,Steven,Black,male,53,500
Anders,Steven,Neubauer,male,57,200
Valerie,Steven,Hylton,male,63,50
Anders,Steven,Copeland,male,29,250
Anders,Steven,Poole,male,39,425
Anders,Steven,Davis,male,46,450
Anders,Steven,Copeland,male,29,350
Anders,Steven,Poole,male,39,225
Anders,Steven,Davis,male,46,300
Anders,Steven,Copeland,male,29,200
Anders,Steven,Poole,male,39,225
Anders,Steven,Davis,male,46,175
Anders,Sybil,Jamieson,female,23,475
Anders,Sybil,Jamieson,female,23,125
Anders,Sybil,Jamieson,female,23,175
Anders,Sybil,Jamieson,female,23,375
Anders,Sylvia,McRae,female,29,125
Anders,Sylvia,Baskin,female,41,300
Valerie,Sylvia,Fox,female,66,150
Anders,Sylvia,McRae,female,29,100
Anders,Sylvia,Baskin,female,41,275
Anders,Sylvia,McRae,female,29,75
Anders,Sylvia,Baskin,female,41,275
Anders,Sylvia,McRae,female,29,450
Anders,Sylvia,Baskin,female,41,25
Anders,Tabitha,Stewart,female,31,350
Anders,Tabitha,Stewart,female,31,175
Anders,Tabitha,Stewart,female,31,325
Anders,Tabitha,Stewart,female,31,325
Anders,Tanika,Murdock,female,82,375
Valerie,Tara,Taylor,female,21,475
Valerie,Ted,Chaney,male,21,175
Anders,Ted,Aviles,male,23,250
Anders,Ted,Piche,male,74,100
Anders,Teresa,Rice,female,33,275
Valerie,Teresa,Harshman,female,62,100
Anders,Teresa,Rice,female,33,200
Anders,Teresa,Rice,female,33,325
Anders,Teresa,Rice,female,33,200
Anders,Terrance,Voss,male,49,400
Anders,Terry,Stills,male,22,125
Anders,Terry,Whiteside,male,44,175
Anders,Terry,Whiteside,male,44,100
Anders,Terry,Whiteside,male,44,450
Anders,Terry,Whiteside,male,44,500
Valerie,Theodore,Montemayor,male,34,125
Valerie,Theodore,Montemayor,male,34,175
Valerie,Theodore,Montemayor,male,34,25
Valerie,Theodore,Montemayor,male,34,500
Anders,Theresa,Marks,female,51,25
Valerie,Theresa,Dyer,female,58,325
Valerie,Theresa,Neal,female,65,350
Valerie,Theresa,Lindstrom,female,76,275
Anders,Thomas,Gaudet,male,38,400
Valerie,Thomas,Koepp,male,50,75
Anders,Thomas,Fleming,male,60,25
Valerie,Thomas,Tyson,male,68,25
Anders,Thomas,Gaudet,male,38,400
Anders,Thomas,Gaudet,male,38,425
Anders,Thomas,Gaudet,male,38,300
Anders,Tiffany,Williams,female,52,475
Anders,Tiffany,Terry,female,78,225
Anders,Tina,Hernandez,female,24,150
Anders,Tina,Hernandez,female,24,475
Anders,Tina,Hernandez,female,24,150
Anders,Tina,Hernandez,female,24,275
Anders,Todd,Conard,male,37,175
Anders,Todd,Stewart,male,53,475
Anders,Todd,Conard,male,37,300
Anders,Todd,Conard,male,37,350
Anders,Todd,Conard,male,37,225
Anders,Tommie,Robinson,male,78,75
Valerie,Tonia,Magee,female,80,125
Valerie,Tony,Humphrey,male,38,100
Valerie,Tony,Harrell,male,64,500
Anders,Tony,Williams,male,65,225
Valerie,Tony,Humphrey,male,38,250
Valerie,Tony,Humphrey,male,38,75
Valerie,Tony,Humphrey,male,38,100
Anders,Tracey,Horne,female,41,150
Anders,Tracey,Horne,female,41,275
Anders,Tracey,Horne,female,41,300
Anders,Tracey,Horne,female,41,75
Anders,Tracy,Barnes,female,47,300
Anders,Travis,Gourley,male,60,200
Valerie,Troy,Searcy,male,42,200
Valerie,Troy,Searcy,male,42,250
Valerie,Troy,Searcy,male,42,250
Valerie,Troy,Searcy,male,42,325
Anders,Twila,Estrella,female,52,175
Anders,Tyrone,Crews,male,82,400
Anders,Valarie,Schmidt,female,79,25
Anders,Valerie,Scott,female,49,125
Valerie,Valerie,Woolf,female,76,125
Valerie,Van,Hughey,male,58,425
Anders,Vaughn,Foreman,male,76,100
Anders,Verna,Keesee,female,71,50
Anders,Veronica,Hansen,female,44,250
Anders,Veronica,Aaron,female,79,200
Anders,Veronica,Hansen,female,44,225
Anders,Veronica,Hansen,female,44,225
Anders,Veronica,Hansen,female,44,50
Valerie,Vickie,Coleman,female,76,475
Valerie,Victor,Groesbeck,male,72,275
Anders,Victor,Stanley,male,79,500
Valerie,Victoria,Curtiss,female,26,175
Anders,Victoria,Cahill,female,33,225
Anders,Victoria,Jones,female,51,400
Valerie,Victoria,Curtiss,female,26,350
Anders,Victoria,Cahill,female,33,100
Valerie,Victoria,Curtiss,female,26,325
Anders,Victoria,Cahill,female,33,350
Valerie,Victoria,Curtiss,female,26,275
Anders,Victoria,Cahill,female,33,500
Anders,Virginia,Griffiths,female,49,175
Anders,Vonnie,Eldridge,female,68,225
Anders,Walter,Nunn,male,19,225
Anders,Walter,Granville,male,38,225
Anders,Walter,Clute,male,57,450
Anders,Walter,Granville,male,38,200
Anders,Walter,Granville,male,38,175
Anders,Walter,Granville,male,38,500
Valerie,Wayne,Meadows,male,39,325
Valerie,Wayne,Meadows,male,39,175
Valerie,Wayne,Meadows,male,39,25
Valerie,Wayne,Meadows,male,39,100
Anders,Wendy,Strong,female,48,75
Anders,Willard,Banks,male,38,375
Anders,Willard,McNair,male,81,375
Anders,Willard,Banks,male,38,500
Anders,Willard,Banks,male,38,475
Anders,Willard,Banks,male,38,350
Anders,William,Woods,male,20,425
Anders,William,Cochran,male,27,200
Valerie,William,Anderson,male,30,200
Anders,William,Martin,male,43,425
Valerie,William,Sande,male,48,100
Anders,William,Trotter,male,64,375
Valerie,William,Caudillo,male,69,50
Anders,William,Brotherton,male,73,175
Anders,William,Edwards,male,74,475
Anders,William,White,male,76,375
Valerie,William,Ortiz,male,80,425
Valerie,William,Booker,male,83,325
Anders,William,Cochran,male,27,100
Valerie,William,Anderson,male,30,200
Anders,William,Martin,male,43,100
Anders,William,Cochran,male,27,300
Valerie,William,Anderson,male,30,175
Anders,William,Martin,male,43,150
Anders,William,Cochran,male,27,475
Valerie,William,Anderson,male,30,425
Anders,William,Martin,male,43,225
Anders,Willie,Parris,male,77,475
Anders,Winnie,Roberts,female,54,425
Anders,Yolanda,Jackson,female,61,100
Anders,Yolonda,Brown,female,60,225
Anders,Yong,Bailey,female,68,450
Valerie,Young,Burke,female,19,175
Anders,Yvette,Allen,female,76,250
